{
  "returned_dict": {
    "loss": 0.001509501788070355,
    "r2": 0.9999469218302334,
    "status": "ok",
    "start_time": 1754331327.649097,
    "duration": 0.8874931335449219
  },
  "current_params": {
    "N": 500,
    "input_scaling": 1.0,
    "lr": 0.22792506761886536,
    "ridge": 0.0003362576437531261,
    "seed": 1234,
    "sr": 0.13048071254874868
  }
}