{
  "returned_dict": {
    "loss": 0.0050196874057021335,
    "r2": 0.9993599145495136,
    "status": "ok",
    "start_time": 1754331336.483161,
    "duration": 0.8883450031280518
  },
  "current_params": {
    "N": 500,
    "input_scaling": 1.0,
    "lr": 0.09201940994765088,
    "ridge": 0.0018809049016049917,
    "seed": 1234,
    "sr": 0.03414048410383786
  }
}