{
  "returned_dict": {
    "loss": 0.006414215458082291,
    "r2": 0.999006669684983,
    "status": "ok",
    "start_time": 1754331277.8032699,
    "duration": 0.8880810737609863
  },
  "current_params": {
    "N": 500,
    "input_scaling": 1.0,
    "lr": 0.6571588388986348,
    "ridge": 1.0243845988173443,
    "seed": 1234,
    "sr": 0.046727228044946535
  }
}