{
  "returned_dict": {
    "loss": 0.0011372673306948645,
    "r2": 0.999969537821243,
    "status": "ok",
    "start_time": 1754331364.0684102,
    "duration": 0.883293867111206
  },
  "current_params": {
    "N": 500,
    "input_scaling": 1.0,
    "lr": 0.7725304602957939,
    "ridge": 5.418437471604552e-06,
    "seed": 1234,
    "sr": 0.026191894186955052
  }
}