{
  "returned_dict": {
    "loss": 0.0016907790253984079,
    "r2": 0.999933355490622,
    "status": "ok",
    "start_time": 1754331289.3141792,
    "duration": 0.8775618076324463
  },
  "current_params": {
    "N": 500,
    "input_scaling": 1.0,
    "lr": 0.2183850802283866,
    "ridge": 0.002186890452849724,
    "seed": 1234,
    "sr": 0.22833541526599072
  }
}