{
  "returned_dict": {
    "loss": 0.0029937593710157974,
    "r2": 0.9997864587351877,
    "status": "ok",
    "start_time": 1754331287.5399208,
    "duration": 0.8869702816009521
  },
  "current_params": {
    "N": 500,
    "input_scaling": 1.0,
    "lr": 0.42979608081480786,
    "ridge": 0.00035801561636262033,
    "seed": 1234,
    "sr": 0.020006202812672045
  }
}