{
  "returned_dict": {
    "loss": 0.009044799224979302,
    "r2": 0.9980918423941549,
    "status": "ok",
    "start_time": 1754331291.083424,
    "duration": 0.8896338939666748
  },
  "current_params": {
    "N": 500,
    "input_scaling": 1.0,
    "lr": 0.10377622163746929,
    "ridge": 0.48443503604325805,
    "seed": 1234,
    "sr": 1.1747727724200445
  }
}