{
  "returned_dict": {
    "loss": 0.006909643780425705,
    "r2": 0.9986969042301675,
    "status": "ok",
    "start_time": 1754331380.127018,
    "duration": 0.8914299011230469
  },
  "current_params": {
    "N": 500,
    "input_scaling": 1.0,
    "lr": 0.026813811448575312,
    "ridge": 1.3178843604485218e-08,
    "seed": 1234,
    "sr": 0.037479785587162716
  }
}