{
  "returned_dict": {
    "loss": 0.0056349560499912,
    "r2": 0.9991892654589003,
    "status": "ok",
    "start_time": 1754331385.4828649,
    "duration": 0.8991191387176514
  },
  "current_params": {
    "N": 500,
    "input_scaling": 1.0,
    "lr": 0.12251552188440558,
    "ridge": 0.03972103835382813,
    "seed": 1234,
    "sr": 0.020788245498133077
  }
}