{
  "returned_dict": {
    "loss": 0.005301318479105303,
    "r2": 0.9993436423123885,
    "status": "ok",
    "start_time": 1754331381.0195148,
    "duration": 0.883155345916748
  },
  "current_params": {
    "N": 500,
    "input_scaling": 1.0,
    "lr": 0.36595128156807905,
    "ridge": 1.3484572026685435,
    "seed": 1234,
    "sr": 0.3797757622392174
  }
}