{
  "returned_dict": {
    "loss": 0.001273904446954565,
    "r2": 0.9999621645509459,
    "status": "ok",
    "start_time": 1754331348.930101,
    "duration": 0.8897311687469482
  },
  "current_params": {
    "N": 500,
    "input_scaling": 1.0,
    "lr": 0.20878183455914584,
    "ridge": 2.829598182222919e-06,
    "seed": 1234,
    "sr": 0.02857977758285706
  }
}