{
  "returned_dict": {
    "loss": 0.007920301914970786,
    "r2": 0.9980404265947251,
    "status": "ok",
    "start_time": 1754331356.967763,
    "duration": 0.884896993637085
  },
  "current_params": {
    "N": 500,
    "input_scaling": 1.0,
    "lr": 0.3594469868947467,
    "ridge": 7.586882381131894e-07,
    "seed": 1234,
    "sr": 0.9533191226235032
  }
}