{
  "returned_dict": {
    "loss": 0.007314325517514457,
    "r2": 0.9985965056820924,
    "status": "ok",
    "start_time": 1754331403.302159,
    "duration": 0.8891398906707764
  },
  "current_params": {
    "N": 500,
    "input_scaling": 1.0,
    "lr": 0.03495869536083056,
    "ridge": 0.004301432389453943,
    "seed": 1234,
    "sr": 0.01769587598402526
  }
}