{
  "returned_dict": {
    "loss": 0.0023415221454125066,
    "r2": 0.9998700301608408,
    "status": "ok",
    "start_time": 1754331337.37248,
    "duration": 0.8881990909576416
  },
  "current_params": {
    "N": 500,
    "input_scaling": 1.0,
    "lr": 0.21207672046475814,
    "ridge": 0.010045936234638158,
    "seed": 1234,
    "sr": 0.21354604962375795
  }
}