{
  "returned_dict": {
    "loss": 0.001516369977950413,
    "r2": 0.9999459268101794,
    "status": "ok",
    "start_time": 1754331366.835029,
    "duration": 0.884453296661377
  },
  "current_params": {
    "N": 500,
    "input_scaling": 1.0,
    "lr": 0.47006044054857693,
    "ridge": 3.099052127438196e-05,
    "seed": 1234,
    "sr": 0.02684390359598015
  }
}