{
  "returned_dict": {
    "loss": 0.0068092978822205715,
    "r2": 0.9988399417615714,
    "status": "ok",
    "start_time": 1754331256.410934,
    "duration": 0.8950788974761963
  },
  "current_params": {
    "N": 500,
    "input_scaling": 1.0,
    "lr": 0.06719120770962762,
    "ridge": 0.03718402541903902,
    "seed": 1234,
    "sr": 0.07071032186253305
  }
}