{
  "returned_dict": {
    "loss": 0.00048367052551478073,
    "r2": 0.9999945602034053,
    "status": "ok",
    "start_time": 1754331405.087121,
    "duration": 0.9257218837738037
  },
  "current_params": {
    "N": 500,
    "input_scaling": 1.0,
    "lr": 0.838222159127335,
    "ridge": 8.213511055403317e-05,
    "seed": 1234,
    "sr": 0.7323231724059849
  }
}