{
  "returned_dict": {
    "loss": 0.0013147634004257195,
    "r2": 0.9999596895364021,
    "status": "ok",
    "start_time": 1754331378.3501508,
    "duration": 0.8955602645874023
  },
  "current_params": {
    "N": 500,
    "input_scaling": 1.0,
    "lr": 0.1927391235133892,
    "ridge": 9.57044322797558e-07,
    "seed": 1234,
    "sr": 0.017275455370965257
  }
}