{
  "returned_dict": {
    "loss": 0.00801950559816651,
    "r2": 0.9982820696192741,
    "status": "ok",
    "start_time": 1754331315.20812,
    "duration": 0.8884148597717285
  },
  "current_params": {
    "N": 500,
    "input_scaling": 1.0,
    "lr": 0.02143015081924661,
    "ridge": 0.0015895001649121603,
    "seed": 1234,
    "sr": 0.02572013644212619
  }
}