{
  "returned_dict": {
    "loss": 0.0022485603082558975,
    "r2": 0.9998809827560502,
    "status": "ok",
    "start_time": 1754331413.1267672,
    "duration": 0.8900799751281738
  },
  "current_params": {
    "N": 500,
    "input_scaling": 1.0,
    "lr": 0.2824375992376589,
    "ridge": 3.9990948546427895e-05,
    "seed": 1234,
    "sr": 0.014132040674737733
  }
}