{
  "returned_dict": {
    "loss": 0.0020464032201990777,
    "r2": 0.9998985607604108,
    "status": "ok",
    "start_time": 1754331299.1325922,
    "duration": 0.8953967094421387
  },
  "current_params": {
    "N": 500,
    "input_scaling": 1.0,
    "lr": 0.8156304946175555,
    "ridge": 1.2558057317044818e-06,
    "seed": 1234,
    "sr": 1.038532304215145
  }
}