{
  "returned_dict": {
    "loss": 0.0036046822003115617,
    "r2": 0.9996839805838885,
    "status": "ok",
    "start_time": 1754331414.017979,
    "duration": 0.9332189559936523
  },
  "current_params": {
    "N": 500,
    "input_scaling": 1.0,
    "lr": 0.4865716163619631,
    "ridge": 0.06277358548329898,
    "seed": 1234,
    "sr": 1.367163082884632
  }
}