{
  "returned_dict": {
    "loss": 0.0007085829679471079,
    "r2": 0.9999882697585314,
    "status": "ok",
    "start_time": 1754331325.873736,
    "duration": 0.8868942260742188
  },
  "current_params": {
    "N": 500,
    "input_scaling": 1.0,
    "lr": 0.5494681828865381,
    "ridge": 2.4482677960880615e-08,
    "seed": 1234,
    "sr": 0.01418389479892628
  }
}