{
  "returned_dict": {
    "loss": 0.0007627535575218218,
    "r2": 0.999986451902422,
    "status": "ok",
    "start_time": 1754331288.427796,
    "duration": 0.8854939937591553
  },
  "current_params": {
    "N": 500,
    "input_scaling": 1.0,
    "lr": 0.5516837456874328,
    "ridge": 2.0345752143479703e-05,
    "seed": 1234,
    "sr": 0.19314984042342626
  }
}