{
  "returned_dict": {
    "loss": 0.000979253829581268,
    "r2": 0.9999771206090564,
    "status": "ok",
    "start_time": 1754331402.408412,
    "duration": 0.8927390575408936
  },
  "current_params": {
    "N": 500,
    "input_scaling": 1.0,
    "lr": 0.43906883802329805,
    "ridge": 3.780147505790873e-05,
    "seed": 1234,
    "sr": 0.7507802307193083
  }
}