{
  "returned_dict": {
    "loss": 0.0026476642435744853,
    "r2": 0.9998335956972044,
    "status": "ok",
    "start_time": 1754331346.2628858,
    "duration": 0.8865292072296143
  },
  "current_params": {
    "N": 500,
    "input_scaling": 1.0,
    "lr": 0.08352474609695261,
    "ridge": 2.465036519259936e-07,
    "seed": 1234,
    "sr": 0.15216710715138818
  }
}