{
  "returned_dict": {
    "loss": 0.005103748783068224,
    "r2": 0.9993518820717254,
    "status": "ok",
    "start_time": 1754331303.6317341,
    "duration": 0.887753963470459
  },
  "current_params": {
    "N": 500,
    "input_scaling": 1.0,
    "lr": 0.27036282441620346,
    "ridge": 0.113387393947229,
    "seed": 1234,
    "sr": 0.040499596183843
  }
}