{
  "returned_dict": {
    "loss": 0.0025787035422720106,
    "r2": 0.9998422836274887,
    "status": "ok",
    "start_time": 1754331246.694686,
    "duration": 0.8687801361083984
  },
  "current_params": {
    "N": 500,
    "input_scaling": 1.0,
    "lr": 0.38264094967620665,
    "ridge": 0.0029801797509298408,
    "seed": 1234,
    "sr": 0.07966435869333038
  }
}