{
  "returned_dict": {
    "loss": 0.007153813345329389,
    "r2": 0.9986356496121479,
    "status": "ok",
    "start_time": 1754331415.843254,
    "duration": 0.8903589248657227
  },
  "current_params": {
    "N": 500,
    "input_scaling": 1.0,
    "lr": 0.026695530015763223,
    "ridge": 2.211363990114602e-05,
    "seed": 1234,
    "sr": 0.013649509767262393
  }
}