{
  "returned_dict": {
    "loss": 0.003019111830814344,
    "r2": 0.999778591810663,
    "status": "ok",
    "start_time": 1754331284.883717,
    "duration": 0.8824977874755859
  },
  "current_params": {
    "N": 500,
    "input_scaling": 1.0,
    "lr": 0.08451910338656304,
    "ridge": 1.5207664147288785e-05,
    "seed": 1234,
    "sr": 0.020489195252075855
  }
}