{
  "returned_dict": {
    "loss": 0.008483355235441952,
    "r2": 0.9980188053681186,
    "status": "ok",
    "start_time": 1754331409.565279,
    "duration": 0.8896470069885254
  },
  "current_params": {
    "N": 500,
    "input_scaling": 1.0,
    "lr": 0.015128007637960985,
    "ridge": 0.0003188383498910903,
    "seed": 1234,
    "sr": 0.012260384608014823
  }
}