{
  "returned_dict": {
    "loss": 0.0037969440575501825,
    "r2": 0.9996452499481064,
    "status": "ok",
    "start_time": 1754331248.451842,
    "duration": 0.8746440410614014
  },
  "current_params": {
    "N": 500,
    "input_scaling": 1.0,
    "lr": 0.05989081733494548,
    "ridge": 8.12744525670324e-07,
    "seed": 1234,
    "sr": 0.1626795681245935
  }
}