{
  "returned_dict": {
    "loss": 0.0012133271779675926,
    "r2": 0.9999653384004068,
    "status": "ok",
    "start_time": 1754331384.592557,
    "duration": 0.889286994934082
  },
  "current_params": {
    "N": 500,
    "input_scaling": 1.0,
    "lr": 0.586941971470369,
    "ridge": 1.2570268615946845e-05,
    "seed": 1234,
    "sr": 0.030264242037118992
  }
}