{
  "returned_dict": {
    "loss": 0.007912599739130529,
    "r2": 0.9983352345873044,
    "status": "ok",
    "start_time": 1754331253.720903,
    "duration": 0.8928401470184326
  },
  "current_params": {
    "N": 500,
    "input_scaling": 1.0,
    "lr": 0.02018337832903292,
    "ridge": 0.00021135596946478938,
    "seed": 1234,
    "sr": 0.09442721440119983
  }
}