{
  "returned_dict": {
    "loss": 0.0018794889972421872,
    "r2": 0.9999178295513911,
    "status": "ok",
    "start_time": 1754331340.050766,
    "duration": 0.8848111629486084
  },
  "current_params": {
    "N": 500,
    "input_scaling": 1.0,
    "lr": 0.10752060708924599,
    "ridge": 8.236803902433637e-05,
    "seed": 1234,
    "sr": 0.3157133897830133
  }
}