{
  "returned_dict": {
    "loss": 0.0011568886250059175,
    "r2": 0.999969008568059,
    "status": "ok",
    "start_time": 1754331300.917191,
    "duration": 0.9245429039001465
  },
  "current_params": {
    "N": 500,
    "input_scaling": 1.0,
    "lr": 0.1676676651988696,
    "ridge": 5.207063222377482e-06,
    "seed": 1234,
    "sr": 0.28327116807958513
  }
}