{
  "returned_dict": {
    "loss": 0.005477348493883405,
    "r2": 0.9992553455077908,
    "status": "ok",
    "start_time": 1754331358.7395399,
    "duration": 0.8839712142944336
  },
  "current_params": {
    "N": 500,
    "input_scaling": 1.0,
    "lr": 0.2756809572318929,
    "ridge": 0.19209220810635252,
    "seed": 1234,
    "sr": 0.02786727306368867
  }
}