{
  "returned_dict": {
    "loss": 0.0004977920283812468,
    "r2": 0.9999941717763547,
    "status": "ok",
    "start_time": 1754331324.0972102,
    "duration": 0.8878388404846191
  },
  "current_params": {
    "N": 500,
    "input_scaling": 1.0,
    "lr": 0.6751854428024655,
    "ridge": 1.8829846044822546e-08,
    "seed": 1234,
    "sr": 0.0501527653640703
  }
}