{
  "returned_dict": {
    "loss": 0.005085239563176631,
    "r2": 0.9993562667851327,
    "status": "ok",
    "start_time": 1754331269.809153,
    "duration": 0.8903710842132568
  },
  "current_params": {
    "N": 500,
    "input_scaling": 1.0,
    "lr": 0.3682245588875041,
    "ridge": 0.07459737814155425,
    "seed": 1234,
    "sr": 0.02348225301745763
  }
}