{
  "returned_dict": {
    "loss": 0.002856928460599691,
    "r2": 0.9998063214351525,
    "status": "ok",
    "start_time": 1754331262.640863,
    "duration": 0.9152629375457764
  },
  "current_params": {
    "N": 500,
    "input_scaling": 1.0,
    "lr": 0.8472268156639913,
    "ridge": 0.02614572528050172,
    "seed": 1234,
    "sr": 0.21977120274747475
  }
}