{
  "returned_dict": {
    "loss": 0.009359180753568671,
    "r2": 0.9978545984056032,
    "status": "ok",
    "start_time": 1754331363.188372,
    "duration": 0.8791429996490479
  },
  "current_params": {
    "N": 500,
    "input_scaling": 1.0,
    "lr": 0.03942187518677715,
    "ridge": 0.04943905813240508,
    "seed": 1234,
    "sr": 0.03600276409094316
  }
}