{
  "returned_dict": {
    "loss": 0.008426968094442122,
    "r2": 0.9983376212338382,
    "status": "ok",
    "start_time": 1754331374.81321,
    "duration": 0.8788349628448486
  },
  "current_params": {
    "N": 500,
    "input_scaling": 1.0,
    "lr": 0.5269856938769651,
    "ridge": 6.4733524870162995,
    "seed": 1234,
    "sr": 0.12440910427817788
  }
}