{
  "returned_dict": {
    "loss": 0.0028675155755820384,
    "r2": 0.9998066091636298,
    "status": "ok",
    "start_time": 1754331279.581971,
    "duration": 0.8805701732635498
  },
  "current_params": {
    "N": 500,
    "input_scaling": 1.0,
    "lr": 0.1298405957476471,
    "ridge": 1.7874967988496222e-07,
    "seed": 1234,
    "sr": 0.31053168027287703
  }
}