{
  "returned_dict": {
    "loss": 0.0011365708549021009,
    "r2": 0.999969606174892,
    "status": "ok",
    "start_time": 1754331389.9554062,
    "duration": 0.8902888298034668
  },
  "current_params": {
    "N": 500,
    "input_scaling": 1.0,
    "lr": 0.1475552952512268,
    "ridge": 2.7416461749225365e-08,
    "seed": 1234,
    "sr": 0.023462246374277934
  }
}