{
  "returned_dict": {
    "loss": 0.0017320270420531614,
    "r2": 0.9999295883001011,
    "status": "ok",
    "start_time": 1754331278.692252,
    "duration": 0.8887929916381836
  },
  "current_params": {
    "N": 500,
    "input_scaling": 1.0,
    "lr": 0.4166356911062449,
    "ridge": 0.0018992633491691036,
    "seed": 1234,
    "sr": 0.14848409471568397
  }
}