{
  "returned_dict": {
    "loss": 0.0021522757906918015,
    "r2": 0.9998867352032155,
    "status": "ok",
    "start_time": 1754331247.564339,
    "duration": 0.886634111404419
  },
  "current_params": {
    "N": 500,
    "input_scaling": 1.0,
    "lr": 0.07128243944571559,
    "ridge": 4.602027706977151e-08,
    "seed": 1234,
    "sr": 0.027598683234115115
  }
}