{
  "returned_dict": {
    "loss": 0.0018392381125876954,
    "r2": 0.9999204867024188,
    "status": "ok",
    "start_time": 1754331399.747586,
    "duration": 0.8818318843841553
  },
  "current_params": {
    "N": 500,
    "input_scaling": 1.0,
    "lr": 0.44022515336610235,
    "ridge": 0.00213823271711912,
    "seed": 1234,
    "sr": 0.1378790157061615
  }
}