{
  "returned_dict": {
    "loss": 0.0040965295367898875,
    "r2": 0.9995913968945536,
    "status": "ok",
    "start_time": 1754331407.787505,
    "duration": 0.8870530128479004
  },
  "current_params": {
    "N": 500,
    "input_scaling": 1.0,
    "lr": 0.31008930988824535,
    "ridge": 0.03850973174690934,
    "seed": 1234,
    "sr": 0.08438326345409637
  }
}