{
  "returned_dict": {
    "loss": 0.006791482582371958,
    "r2": 0.9987835239968055,
    "status": "ok",
    "start_time": 1754331416.7349591,
    "duration": 0.8921198844909668
  },
  "current_params": {
    "N": 500,
    "input_scaling": 1.0,
    "lr": 0.026818040062708853,
    "ridge": 5.1197253748970415e-05,
    "seed": 1234,
    "sr": 0.08930926502440488
  }
}