{
  "returned_dict": {
    "loss": 0.006402729084947862,
    "r2": 0.9989859167196151,
    "status": "ok",
    "start_time": 1754331251.948769,
    "duration": 0.8815407752990723
  },
  "current_params": {
    "N": 500,
    "input_scaling": 1.0,
    "lr": 0.17543139583076803,
    "ridge": 0.29566961197557934,
    "seed": 1234,
    "sr": 0.015590519612759524
  }
}