{
  "returned_dict": {
    "loss": 0.004732710933487807,
    "r2": 0.9994785266895597,
    "status": "ok",
    "start_time": 1754331412.232202,
    "duration": 0.8935589790344238
  },
  "current_params": {
    "N": 500,
    "input_scaling": 1.0,
    "lr": 0.26564196963566694,
    "ridge": 1.00072695117971,
    "seed": 1234,
    "sr": 0.5335784501655657
  }
}