{
  "returned_dict": {
    "loss": 0.0008412307749582147,
    "r2": 0.9999834941916188,
    "status": "ok",
    "start_time": 1754331290.192616,
    "duration": 0.8899009227752686
  },
  "current_params": {
    "N": 500,
    "input_scaling": 1.0,
    "lr": 0.4998199364339672,
    "ridge": 1.702262097296147e-05,
    "seed": 1234,
    "sr": 0.13073371451589708
  }
}