{
  "returned_dict": {
    "loss": 0.004833900891127939,
    "r2": 0.9994277277724327,
    "status": "ok",
    "start_time": 1754331406.013945,
    "duration": 0.8862957954406738
  },
  "current_params": {
    "N": 500,
    "input_scaling": 1.0,
    "lr": 0.22465500878777253,
    "ridge": 0.1108295994814684,
    "seed": 1234,
    "sr": 0.09835763510258089
  }
}