{
  "returned_dict": {
    "loss": 0.00580239223582409,
    "r2": 0.9992038574948332,
    "status": "ok",
    "start_time": 1754331392.620547,
    "duration": 0.8804769515991211
  },
  "current_params": {
    "N": 500,
    "input_scaling": 1.0,
    "lr": 0.07816106311699307,
    "ridge": 0.01808546954044948,
    "seed": 1234,
    "sr": 0.8542795536342306
  }
}