{
  "returned_dict": {
    "loss": 0.005763140483904453,
    "r2": 0.9991755560551375,
    "status": "ok",
    "start_time": 1754331364.952677,
    "duration": 0.9644010066986084
  },
  "current_params": {
    "N": 500,
    "input_scaling": 1.0,
    "lr": 0.15565915444812778,
    "ridge": 0.136156187573496,
    "seed": 1234,
    "sr": 0.05298748174805132
  }
}