{
  "returned_dict": {
    "loss": 0.00935175997821343,
    "r2": 0.9979523086041541,
    "status": "ok",
    "start_time": 1754331360.502793,
    "duration": 0.9126739501953125
  },
  "current_params": {
    "N": 500,
    "input_scaling": 1.0,
    "lr": 0.09414420070801906,
    "ridge": 0.8332382570557062,
    "seed": 1234,
    "sr": 0.13317912806568327
  }
}