{
  "returned_dict": {
    "loss": 0.005162659061628226,
    "r2": 0.9993346276392309,
    "status": "ok",
    "start_time": 1754331275.134884,
    "duration": 0.8879239559173584
  },
  "current_params": {
    "N": 500,
    "input_scaling": 1.0,
    "lr": 0.35065431611638165,
    "ridge": 0.052601180941567495,
    "seed": 1234,
    "sr": 0.011739026780685318
  }
}