{
  "returned_dict": {
    "loss": 0.004485136745393713,
    "r2": 0.999509131312689,
    "status": "ok",
    "start_time": 1754331300.0288792,
    "duration": 0.8874156475067139
  },
  "current_params": {
    "N": 500,
    "input_scaling": 1.0,
    "lr": 0.314305490263062,
    "ridge": 0.08594748289488212,
    "seed": 1234,
    "sr": 0.09169361093299348
  }
}