{
  "returned_dict": {
    "loss": 0.005999387104898918,
    "r2": 0.9991172714949421,
    "status": "ok",
    "start_time": 1754331340.937048,
    "duration": 0.8883850574493408
  },
  "current_params": {
    "N": 500,
    "input_scaling": 1.0,
    "lr": 0.49898736294512547,
    "ridge": 0.45392684631304064,
    "seed": 1234,
    "sr": 0.014411455273543402
  }
}