{
  "returned_dict": {
    "loss": 0.00485644297048538,
    "r2": 0.9994156644084026,
    "status": "ok",
    "start_time": 1754331291.9738948,
    "duration": 0.8736371994018555
  },
  "current_params": {
    "N": 500,
    "input_scaling": 1.0,
    "lr": 0.07729401267577381,
    "ridge": 0.012609997807416992,
    "seed": 1234,
    "sr": 0.21210441974152222
  }
}