{
  "returned_dict": {
    "loss": 0.00322808381643508,
    "r2": 0.9997514825298897,
    "status": "ok",
    "start_time": 1754331333.834661,
    "duration": 0.8824038505554199
  },
  "current_params": {
    "N": 500,
    "input_scaling": 1.0,
    "lr": 0.8908311505278819,
    "ridge": 0.03864877287289886,
    "seed": 1234,
    "sr": 0.20760447792478667
  }
}