{
  "returned_dict": {
    "loss": 0.0018000309557896815,
    "r2": 0.9999213941006133,
    "status": "ok",
    "start_time": 1754331292.848437,
    "duration": 0.8835277557373047
  },
  "current_params": {
    "N": 500,
    "input_scaling": 1.0,
    "lr": 0.08645762464145056,
    "ridge": 3.1725378361408335e-08,
    "seed": 1234,
    "sr": 0.013953269187234588
  }
}