{
  "returned_dict": {
    "loss": 0.013446096042869487,
    "r2": 0.9958028498193222,
    "status": "ok",
    "start_time": 1754331295.5153542,
    "duration": 0.888535737991333
  },
  "current_params": {
    "N": 500,
    "input_scaling": 1.0,
    "lr": 0.048306005915739574,
    "ridge": 0.4654221480767549,
    "seed": 1234,
    "sr": 1.078458558973471
  }
}