{
  "returned_dict": {
    "loss": 0.019674626640052297,
    "r2": 0.9907662780381937,
    "status": "ok",
    "start_time": 1754331267.1569128,
    "duration": 0.8890271186828613
  },
  "current_params": {
    "N": 500,
    "input_scaling": 1.0,
    "lr": 0.6156368875066841,
    "ridge": 2.8819873579506216e-06,
    "seed": 1234,
    "sr": 1.6722388684853167
  }
}