{
  "returned_dict": {
    "loss": 0.014756990090118712,
    "r2": 0.9948628986875298,
    "status": "ok",
    "start_time": 1754331382.7895591,
    "duration": 0.87705397605896
  },
  "current_params": {
    "N": 500,
    "input_scaling": 1.0,
    "lr": 0.021333081512378033,
    "ridge": 0.0907032009029844,
    "seed": 1234,
    "sr": 0.011405319213458769
  }
}