{
  "returned_dict": {
    "loss": 0.014963083145943726,
    "r2": 0.9944274857440287,
    "status": "ok",
    "start_time": 1754331397.955456,
    "duration": 0.8932449817657471
  },
  "current_params": {
    "N": 500,
    "input_scaling": 1.0,
    "lr": 0.011295567117425407,
    "ridge": 2.767870910239798e-06,
    "seed": 1234,
    "sr": 0.20877503732087163
  }
}