{
  "returned_dict": {
    "loss": 0.015962448501418113,
    "r2": 0.993856195158654,
    "status": "ok",
    "start_time": 1754331271.586695,
    "duration": 0.8806040287017822
  },
  "current_params": {
    "N": 500,
    "input_scaling": 1.0,
    "lr": 0.008316425906674767,
    "ridge": 0.007789930742805203,
    "seed": 1234,
    "sr": 0.027458137949129522
  }
}