{
  "returned_dict": {
    "loss": 0.016157595051484366,
    "r2": 0.9930394290156606,
    "status": "ok",
    "start_time": 1754331254.6146371,
    "duration": 0.8825948238372803
  },
  "current_params": {
    "N": 500,
    "input_scaling": 1.0,
    "lr": 0.0063822566002939346,
    "ridge": 2.3514904339337348e-08,
    "seed": 1234,
    "sr": 0.012708968625748275
  }
}