{
  "returned_dict": {
    "loss": 0.0153348271100574,
    "r2": 0.994546550759036,
    "status": "ok",
    "start_time": 1754331316.097486,
    "duration": 0.8808860778808594
  },
  "current_params": {
    "N": 500,
    "input_scaling": 1.0,
    "lr": 0.034601111100789846,
    "ridge": 0.49132709729245844,
    "seed": 1234,
    "sr": 0.17537309143779847
  }
}