{
  "returned_dict": {
    "loss": 0.018509075918138707,
    "r2": 0.9920642362241932,
    "status": "ok",
    "start_time": 1754331367.7204359,
    "duration": 0.8831732273101807
  },
  "current_params": {
    "N": 500,
    "input_scaling": 1.0,
    "lr": 0.03687802163588743,
    "ridge": 1.239374902700722,
    "seed": 1234,
    "sr": 0.04328771757628486
  }
}