{
  "returned_dict": {
    "loss": 0.01747355848281796,
    "r2": 0.9888797677304739,
    "status": "ok",
    "start_time": 1754331422.0626502,
    "duration": 0.894589900970459
  },
  "current_params": {
    "N": 500,
    "input_scaling": 1.0,
    "lr": 0.0016821487193693313,
    "ridge": 3.037163653097536e-06,
    "seed": 1234,
    "sr": 0.016130653781102525
  }
}