{
  "returned_dict": {
    "loss": 0.018892434832050324,
    "r2": 0.9908372442638577,
    "status": "ok",
    "start_time": 1754331320.541234,
    "duration": 0.8824207782745361
  },
  "current_params": {
    "N": 500,
    "input_scaling": 1.0,
    "lr": 0.009807938072620976,
    "ridge": 1.0653682617694595e-07,
    "seed": 1234,
    "sr": 0.0501613801802682
  }
}