{
  "returned_dict": {
    "loss": 0.015295449872743973,
    "r2": 0.9927960587597047,
    "status": "ok",
    "start_time": 1754331341.826406,
    "duration": 0.8900389671325684
  },
  "current_params": {
    "N": 500,
    "input_scaling": 1.0,
    "lr": 0.0025679857977144393,
    "ridge": 4.522895837086545e-07,
    "seed": 1234,
    "sr": 0.015217119086357022
  }
}