{
  "returned_dict": {
    "loss": 0.01394344321604172,
    "r2": 0.9953240860475747,
    "status": "ok",
    "start_time": 1754331344.4993951,
    "duration": 0.8805639743804932
  },
  "current_params": {
    "N": 500,
    "input_scaling": 1.0,
    "lr": 0.9218534144690987,
    "ridge": 7.051460225015703,
    "seed": 1234,
    "sr": 1.8104096665308864
  }
}