{
  "returned_dict": {
    "loss": 0.010275574028697252,
    "r2": 0.9971724605249961,
    "status": "ok",
    "start_time": 1754331372.1660411,
    "duration": 0.8780417442321777
  },
  "current_params": {
    "N": 500,
    "input_scaling": 1.0,
    "lr": 0.012213382575706437,
    "ridge": 1.3086980554600078e-06,
    "seed": 1234,
    "sr": 0.015767522293681297
  }
}