{
  "returned_dict": {
    "loss": 0.01145203568391136,
    "r2": 0.9967457301498879,
    "status": "ok",
    "start_time": 1754331319.661145,
    "duration": 0.8791141510009766
  },
  "current_params": {
    "N": 500,
    "input_scaling": 1.0,
    "lr": 0.010820249488204384,
    "ridge": 0.003734574168411947,
    "seed": 1234,
    "sr": 0.19935467732696535
  }
}