{
  "returned_dict": {
    "loss": 0.013085089470905916,
    "r2": 0.9959998792415297,
    "status": "ok",
    "start_time": 1754331379.246754,
    "duration": 0.8793208599090576
  },
  "current_params": {
    "N": 500,
    "input_scaling": 1.0,
    "lr": 0.062196381712238125,
    "ridge": 0.9350036319150004,
    "seed": 1234,
    "sr": 0.011423076308344373
  }
}