{
  "returned_dict": {
    "loss": 0.01536087714019673,
    "r2": 0.99361358298064,
    "status": "ok",
    "start_time": 1754331422.958302,
    "duration": 0.8913247585296631
  },
  "current_params": {
    "N": 500,
    "input_scaling": 1.0,
    "lr": 0.003188301860373708,
    "ridge": 6.061482753232458e-07,
    "seed": 1234,
    "sr": 0.050704131972421025
  }
}