{
  "returned_dict": {
    "loss": 0.015798033052776737,
    "r2": 0.9942156500969327,
    "status": "ok",
    "start_time": 1754331414.95227,
    "duration": 0.8898909091949463
  },
  "current_params": {
    "N": 500,
    "input_scaling": 1.0,
    "lr": 0.06815247173845063,
    "ridge": 3.214924693002134,
    "seed": 1234,
    "sr": 0.04406057753824492
  }
}