{
  "returned_dict": {
    "loss": 0.017845209622750154,
    "r2": 0.9891836447839518,
    "status": "ok",
    "start_time": 1754331283.115807,
    "duration": 0.8837649822235107
  },
  "current_params": {
    "N": 500,
    "input_scaling": 1.0,
    "lr": 0.0016156588507471406,
    "ridge": 9.575356470180166e-07,
    "seed": 1234,
    "sr": 0.03073430140568509
  }
}