{
  "returned_dict": {
    "loss": 0.01247861239820532,
    "r2": 0.995919569207129,
    "status": "ok",
    "start_time": 1754331351.6184902,
    "duration": 0.8898797035217285
  },
  "current_params": {
    "N": 500,
    "input_scaling": 1.0,
    "lr": 0.01122030491707982,
    "ridge": 2.955136398465775e-06,
    "seed": 1234,
    "sr": 0.06204230622513381
  }
}