{
  "returned_dict": {
    "loss": 0.015792557493735378,
    "r2": 0.9942188829093741,
    "status": "ok",
    "start_time": 1754331339.167564,
    "duration": 0.8822321891784668
  },
  "current_params": {
    "N": 500,
    "input_scaling": 1.0,
    "lr": 0.0789861315016965,
    "ridge": 4.345876840229227,
    "seed": 1234,
    "sr": 0.03524277949039688
  }
}