{
  "returned_dict": {
    "loss": 0.01554582960673331,
    "r2": 0.9938122378698176,
    "status": "ok",
    "start_time": 1754331417.628117,
    "duration": 0.8906738758087158
  },
  "current_params": {
    "N": 500,
    "input_scaling": 1.0,
    "lr": 0.02801415255330273,
    "ridge": 5.609820906407604e-08,
    "seed": 1234,
    "sr": 0.2090196583408564
  }
}