{
  "returned_dict": {
    "loss": 0.016020776272323324,
    "r2": 0.9937545221301335,
    "status": "ok",
    "start_time": 1754331400.6304781,
    "duration": 0.887091875076294
  },
  "current_params": {
    "N": 500,
    "input_scaling": 1.0,
    "lr": 0.01646090380035458,
    "ridge": 0.0021742567368733933,
    "seed": 1234,
    "sr": 0.6672376898037002
  }
}