{
  "returned_dict": {
    "loss": 0.013692018465042666,
    "r2": 0.9949976129798893,
    "status": "ok",
    "start_time": 1754331419.4018629,
    "duration": 0.8914899826049805
  },
  "current_params": {
    "N": 500,
    "input_scaling": 1.0,
    "lr": 0.012192269780560696,
    "ridge": 2.0194682783628263e-07,
    "seed": 1234,
    "sr": 0.034381390574928755
  }
}