{
  "returned_dict": {
    "loss": 0.01776384260557842,
    "r2": 0.9917719476554087,
    "status": "ok",
    "start_time": 1754331260.8661928,
    "duration": 0.8904142379760742
  },
  "current_params": {
    "N": 500,
    "input_scaling": 1.0,
    "lr": 0.011273269250899024,
    "ridge": 8.467176157001323e-08,
    "seed": 1234,
    "sr": 0.09437285509046839
  }
}