{
  "returned_dict": {
    "loss": 0.01871810735115083,
    "r2": 0.9884990798777391,
    "status": "ok",
    "start_time": 1754331298.245454,
    "duration": 0.8862118721008301
  },
  "current_params": {
    "N": 500,
    "input_scaling": 1.0,
    "lr": 0.0012105913148246156,
    "ridge": 8.540876073080208e-06,
    "seed": 1234,
    "sr": 0.07964860203040938
  }
}