{
  "returned_dict": {
    "loss": 0.01321732980055241,
    "r2": 0.9959345530366646,
    "status": "ok",
    "start_time": 1754331383.667669,
    "duration": 0.9238021373748779
  },
  "current_params": {
    "N": 500,
    "input_scaling": 1.0,
    "lr": 0.0839574815743966,
    "ridge": 2.182724253532638,
    "seed": 1234,
    "sr": 0.016223651162329426
  }
}