{
  "returned_dict": {
    "loss": 0.020456149488790775,
    "r2": 0.9882357794522022,
    "status": "ok",
    "start_time": 1754331357.853672,
    "duration": 0.8848779201507568
  },
  "current_params": {
    "N": 500,
    "input_scaling": 1.0,
    "lr": 0.0017394860367737678,
    "ridge": 1.492133056724969e-07,
    "seed": 1234,
    "sr": 0.05019484139736029
  }
}