{
  "returned_dict": {
    "loss": 0.027724036962289783,
    "r2": 0.9821915182621022,
    "status": "ok",
    "start_time": 1754331330.299989,
    "duration": 0.87953782081604
  },
  "current_params": {
    "N": 500,
    "input_scaling": 1.0,
    "lr": 0.04017882290811124,
    "ridge": 8.544363773639354,
    "seed": 1234,
    "sr": 0.014438974945890222
  }
}