{
  "returned_dict": {
    "loss": 0.02834782251903763,
    "r2": 0.9813885459074143,
    "status": "ok",
    "start_time": 1754331265.348591,
    "duration": 0.9193449020385742
  },
  "current_params": {
    "N": 500,
    "input_scaling": 1.0,
    "lr": 0.01313978174667569,
    "ridge": 0.3590627742747711,
    "seed": 1234,
    "sr": 0.18658183701753264
  }
}