{
  "returned_dict": {
    "loss": 0.02727810476168054,
    "r2": 0.9808822346513552,
    "status": "ok",
    "start_time": 1754331304.520393,
    "duration": 0.8794541358947754
  },
  "current_params": {
    "N": 500,
    "input_scaling": 1.0,
    "lr": 0.001117795359631473,
    "ridge": 9.937031482876333e-05,
    "seed": 1234,
    "sr": 0.01061907053409471
  }
}