{
  "returned_dict": {
    "loss": 0.02649358044555673,
    "r2": 0.9837360919945223,
    "status": "ok",
    "start_time": 1754331268.923309,
    "duration": 0.884976863861084
  },
  "current_params": {
    "N": 500,
    "input_scaling": 1.0,
    "lr": 0.034790822993190244,
    "ridge": 5.738587927551107,
    "seed": 1234,
    "sr": 0.2237449778907503
  }
}