{
  "returned_dict": {
    "loss": 0.02811011483855531,
    "r2": 0.9789205187930345,
    "status": "ok",
    "start_time": 1754331321.4246368,
    "duration": 0.8834621906280518
  },
  "current_params": {
    "N": 500,
    "input_scaling": 1.0,
    "lr": 0.001009158010588956,
    "ridge": 5.679959432206484e-05,
    "seed": 1234,
    "sr": 0.07326940168674866
  }
}