{
  "returned_dict": {
    "loss": 0.024748296042220716,
    "r2": 0.9843347350199159,
    "status": "ok",
    "start_time": 1754331410.456015,
    "duration": 0.8862438201904297
  },
  "current_params": {
    "N": 500,
    "input_scaling": 1.0,
    "lr": 0.00792332805983459,
    "ridge": 0.0003070928150263464,
    "seed": 1234,
    "sr": 0.575269795679041
  }
}