{
  "returned_dict": {
    "loss": 0.022879090826717276,
    "r2": 0.9878686138597448,
    "status": "ok",
    "start_time": 1754331418.519844,
    "duration": 0.8809139728546143
  },
  "current_params": {
    "N": 500,
    "input_scaling": 1.0,
    "lr": 0.047125995444646136,
    "ridge": 5.2493371085953,
    "seed": 1234,
    "sr": 0.02045819673305219
  }
}