{
  "returned_dict": {
    "loss": 0.02242120003893603,
    "r2": 0.9867341806398532,
    "status": "ok",
    "start_time": 1754331257.306939,
    "duration": 0.8924751281738281
  },
  "current_params": {
    "N": 500,
    "input_scaling": 1.0,
    "lr": 0.0018473770505347527,
    "ridge": 0.00016008000622580177,
    "seed": 1234,
    "sr": 0.015931944006093716
  }
}