{
  "returned_dict": {
    "loss": 0.027141059572168967,
    "r2": 0.9829566071498842,
    "status": "ok",
    "start_time": 1754331352.5093691,
    "duration": 0.8817217350006104
  },
  "current_params": {
    "N": 500,
    "input_scaling": 1.0,
    "lr": 0.007413342720100155,
    "ridge": 0.0558595334126059,
    "seed": 1234,
    "sr": 0.0925852425060542
  }
}