{
  "returned_dict": {
    "loss": 0.032966596387773626,
    "r2": 0.974255115402433,
    "status": "ok",
    "start_time": 1754331293.732834,
    "duration": 0.892287015914917
  },
  "current_params": {
    "N": 500,
    "input_scaling": 1.0,
    "lr": 0.001490692182461561,
    "ridge": 0.000637621654146611,
    "seed": 1234,
    "sr": 0.01695935124689556
  }
}