{
  "returned_dict": {
    "loss": 0.03754104015767808,
    "r2": 0.9665390751595314,
    "status": "ok",
    "start_time": 1754331370.388988,
    "duration": 0.886523962020874
  },
  "current_params": {
    "N": 500,
    "input_scaling": 1.0,
    "lr": 0.5744555263071301,
    "ridge": 6.607692459116698e-06,
    "seed": 1234,
    "sr": 1.8759964593517808
  }
}