{
  "returned_dict": {
    "loss": 0.03406530222030251,
    "r2": 0.9687709867956551,
    "status": "ok",
    "start_time": 1754331308.945769,
    "duration": 0.8949120044708252
  },
  "current_params": {
    "N": 500,
    "input_scaling": 1.0,
    "lr": 0.0012469785034749062,
    "ridge": 2.8594318609337184e-06,
    "seed": 1234,
    "sr": 0.13504276379966784
  }
}