{
  "returned_dict": {
    "loss": 0.03422279068945498,
    "r2": 0.972885188610881,
    "status": "ok",
    "start_time": 1754331342.7174022,
    "duration": 0.8839807510375977
  },
  "current_params": {
    "N": 500,
    "input_scaling": 1.0,
    "lr": 0.0037871077443508176,
    "ridge": 0.019704564992521805,
    "seed": 1234,
    "sr": 0.0196970287356267
  }
}