{
  "returned_dict": {
    "loss": 0.03310553705806457,
    "r2": 0.9746126261109318,
    "status": "ok",
    "start_time": 1754331401.518622,
    "duration": 0.8887550830841064
  },
  "current_params": {
    "N": 500,
    "input_scaling": 1.0,
    "lr": 0.017942623962965615,
    "ridge": 2.796143712064856,
    "seed": 1234,
    "sr": 0.10149855100477383
  }
}