{
  "returned_dict": {
    "loss": 0.036965954076115304,
    "r2": 0.9683125250538422,
    "status": "ok",
    "start_time": 1754331268.046782,
    "duration": 0.8756330013275146
  },
  "current_params": {
    "N": 500,
    "input_scaling": 1.0,
    "lr": 0.9349616902731771,
    "ridge": 3.082707958589257e-07,
    "seed": 1234,
    "sr": 2.422966396922964
  }
}