{
  "returned_dict": {
    "loss": 0.039100461439334995,
    "r2": 0.9642635955239991,
    "status": "ok",
    "start_time": 1754331282.233314,
    "duration": 0.8815591335296631
  },
  "current_params": {
    "N": 500,
    "input_scaling": 1.0,
    "lr": 0.18948823050344044,
    "ridge": 3.7221363251916597,
    "seed": 1234,
    "sr": 1.9577985037865833
  }
}