{
  "returned_dict": {
    "loss": 0.032662287972250945,
    "r2": 0.9751682684890021,
    "status": "ok",
    "start_time": 1754331318.7677078,
    "duration": 0.8925130367279053
  },
  "current_params": {
    "N": 500,
    "input_scaling": 1.0,
    "lr": 0.7699157917998888,
    "ridge": 0.00012633733498109098,
    "seed": 1234,
    "sr": 1.9933094412983592
  }
}