{
  "returned_dict": {
    "loss": 0.04782950695959332,
    "r2": 0.9469345500030556,
    "status": "ok",
    "start_time": 1754331371.276534,
    "duration": 0.8885648250579834
  },
  "current_params": {
    "N": 500,
    "input_scaling": 1.0,
    "lr": 0.005199088611116443,
    "ridge": 0.5439418091098682,
    "seed": 1234,
    "sr": 0.16300115584611943
  }
}