{
  "returned_dict": {
    "loss": 0.04451188086445617,
    "r2": 0.9496989050928359,
    "status": "ok",
    "start_time": 1754331324.985974,
    "duration": 0.8868448734283447
  },
  "current_params": {
    "N": 500,
    "input_scaling": 1.0,
    "lr": 0.0033668417829176823,
    "ridge": 5.633851029030429e-08,
    "seed": 1234,
    "sr": 0.10594870634350116
  }
}