{
  "returned_dict": {
    "loss": 0.04719922476699903,
    "r2": 0.948373343724303,
    "status": "ok",
    "start_time": 1754331332.06602,
    "duration": 0.8831639289855957
  },
  "current_params": {
    "N": 500,
    "input_scaling": 1.0,
    "lr": 0.0077355403142878795,
    "ridge": 1.547370424695322,
    "seed": 1234,
    "sr": 0.026761175701104346
  }
}