{
  "returned_dict": {
    "loss": 0.05138929206933821,
    "r2": 0.9360685693243997,
    "status": "ok",
    "start_time": 1754331332.950418,
    "duration": 0.8833839893341064
  },
  "current_params": {
    "N": 500,
    "input_scaling": 1.0,
    "lr": 0.5068843153791185,
    "ridge": 2.051369266937305e-08,
    "seed": 1234,
    "sr": 1.2556711601352721
  }
}