{
  "returned_dict": {
    "loss": 0.055183725983892026,
    "r2": 0.929418446623046,
    "status": "ok",
    "start_time": 1754331373.931475,
    "duration": 0.8807768821716309
  },
  "current_params": {
    "N": 500,
    "input_scaling": 1.0,
    "lr": 0.005584438526231021,
    "ridge": 1.4027441877983848,
    "seed": 1234,
    "sr": 0.11855799312403709
  }
}