{
  "returned_dict": {
    "loss": 0.05878145282249618,
    "r2": 0.9197973241358579,
    "status": "ok",
    "start_time": 1754331322.309042,
    "duration": 0.8971090316772461
  },
  "current_params": {
    "N": 500,
    "input_scaling": 1.0,
    "lr": 0.003573156992234659,
    "ridge": 0.4461279395383508,
    "seed": 1234,
    "sr": 0.015928787718820343
  }
}