{
  "returned_dict": {
    "loss": 0.059956334252692464,
    "r2": 0.8999086505890046,
    "status": "ok",
    "start_time": 1754331285.767095,
    "duration": 0.8815207481384277
  },
  "current_params": {
    "N": 500,
    "input_scaling": 1.0,
    "lr": 0.008993216326780393,
    "ridge": 0.005947945544321436,
    "seed": 1234,
    "sr": 1.0380577050822715
  }
}