{
  "returned_dict": {
    "loss": 0.057138112570237244,
    "r2": 0.904397524245151,
    "status": "ok",
    "start_time": 1754331249.327322,
    "duration": 0.8755621910095215
  },
  "current_params": {
    "N": 500,
    "input_scaling": 1.0,
    "lr": 0.0072789537441323385,
    "ridge": 7.409720239057766e-08,
    "seed": 1234,
    "sr": 0.3226348405474758
  }
}