{
  "returned_dict": {
    "loss": 0.05358313777654052,
    "r2": 0.932768894798064,
    "status": "ok",
    "start_time": 1754331326.76156,
    "duration": 0.8866040706634521
  },
  "current_params": {
    "N": 500,
    "input_scaling": 1.0,
    "lr": 0.2219908972811537,
    "ridge": 0.2697754984994775,
    "seed": 1234,
    "sr": 2.0711751271159313
  }
}