{
  "returned_dict": {
    "loss": 0.06602679086069839,
    "r2": 0.8990798540789191,
    "status": "ok",
    "start_time": 1754331406.9013271,
    "duration": 0.885138988494873
  },
  "current_params": {
    "N": 500,
    "input_scaling": 1.0,
    "lr": 0.7766456097348575,
    "ridge": 1.4684452702490978,
    "seed": 1234,
    "sr": 3.3829402834454134
  }
}