{
  "returned_dict": {
    "loss": 0.06370896790785274,
    "r2": 0.896657509547115,
    "status": "ok",
    "start_time": 1754331264.465729,
    "duration": 0.8819777965545654
  },
  "current_params": {
    "N": 500,
    "input_scaling": 1.0,
    "lr": 0.14684610291088662,
    "ridge": 2.3362749894459877e-07,
    "seed": 1234,
    "sr": 1.0993945835225665
  }
}