{
  "returned_dict": {
    "loss": 0.07211383562660392,
    "r2": 0.8790893505853716,
    "status": "ok",
    "start_time": 1754331261.757463,
    "duration": 0.8825550079345703
  },
  "current_params": {
    "N": 500,
    "input_scaling": 1.0,
    "lr": 0.002422315386294973,
    "ridge": 0.4453426996901072,
    "seed": 1234,
    "sr": 0.0544052294998603
  }
}