{
  "returned_dict": {
    "loss": 0.07817323499154,
    "r2": 0.8571825862662154,
    "status": "ok",
    "start_time": 1754331377.4682722,
    "duration": 0.8808577060699463
  },
  "current_params": {
    "N": 500,
    "input_scaling": 1.0,
    "lr": 0.006521274464604564,
    "ridge": 2.218182346439771,
    "seed": 1234,
    "sr": 0.585864823414778
  }
}