{
  "returned_dict": {
    "loss": 0.07817152381510992,
    "r2": 0.8580380511626611,
    "status": "ok",
    "start_time": 1754331314.321472,
    "duration": 0.8857240676879883
  },
  "current_params": {
    "N": 500,
    "input_scaling": 1.0,
    "lr": 0.0015415307981808321,
    "ridge": 0.16361621177919547,
    "seed": 1234,
    "sr": 0.0108079776956026
  }
}