{
  "returned_dict": {
    "loss": 0.0738220025450853,
    "r2": 0.8737853038167966,
    "status": "ok",
    "start_time": 1754331354.2839592,
    "duration": 0.9111716747283936
  },
  "current_params": {
    "N": 500,
    "input_scaling": 1.0,
    "lr": 0.00398609258790173,
    "ridge": 1.78379939451213,
    "seed": 1234,
    "sr": 0.012580639725311055
  }
}