{
  "returned_dict": {
    "loss": 0.07683609858795927,
    "r2": 0.8530204398955779,
    "status": "ok",
    "start_time": 1754331391.735007,
    "duration": 0.8845071792602539
  },
  "current_params": {
    "N": 500,
    "input_scaling": 1.0,
    "lr": 0.004924674001327178,
    "ridge": 3.0515387868009374e-08,
    "seed": 1234,
    "sr": 0.28962112677540425
  }
}