{
  "returned_dict": {
    "loss": 0.08713927906922994,
    "r2": 0.8153803238452175,
    "status": "ok",
    "start_time": 1754331394.3935528,
    "duration": 0.8873322010040283
  },
  "current_params": {
    "N": 500,
    "input_scaling": 1.0,
    "lr": 0.001817436335305465,
    "ridge": 0.0019194289077342122,
    "seed": 1234,
    "sr": 0.5391304566113871
  }
}