{
  "returned_dict": {
    "loss": 0.08935372438483594,
    "r2": 0.8149239215412031,
    "status": "ok",
    "start_time": 1754331245.815103,
    "duration": 0.8786511421203613
  },
  "current_params": {
    "N": 500,
    "input_scaling": 1.0,
    "lr": 0.448517999492524,
    "ridge": 0.003811281081263922,
    "seed": 1234,
    "sr": 2.760363161733829
  }
}