{
  "returned_dict": {
    "loss": 0.0888571741072467,
    "r2": 0.8166024544479822,
    "status": "ok",
    "start_time": 1754331373.0450938,
    "duration": 0.8853402137756348
  },
  "current_params": {
    "N": 500,
    "input_scaling": 1.0,
    "lr": 0.8619303140116903,
    "ridge": 3.7830294967342614e-06,
    "seed": 1234,
    "sr": 4.881086179748358
  }
}