{
  "returned_dict": {
    "loss": 0.08413398836922513,
    "r2": 0.8351221143368572,
    "status": "ok",
    "start_time": 1754331329.421621,
    "duration": 0.8766598701477051
  },
  "current_params": {
    "N": 500,
    "input_scaling": 1.0,
    "lr": 0.0016930941327325617,
    "ridge": 0.32561848899445334,
    "seed": 1234,
    "sr": 0.22191193501289097
  }
}