{
  "returned_dict": {
    "loss": 0.09354536350829527,
    "r2": 0.6135876977013978,
    "status": "ok",
    "start_time": 1754331309.841622,
    "duration": 0.8891868591308594
  },
  "current_params": {
    "N": 500,
    "input_scaling": 1.0,
    "lr": 0.0013818551895319936,
    "ridge": 8.619981509014375e-06,
    "seed": 1234,
    "sr": 0.5693766752526699
  }
}