{
  "returned_dict": {
    "loss": 0.09181017068651051,
    "r2": 0.803810897080752,
    "status": "ok",
    "start_time": 1754331398.849728,
    "duration": 0.8967578411102295
  },
  "current_params": {
    "N": 500,
    "input_scaling": 1.0,
    "lr": 0.0014402248070585332,
    "ridge": 0.27652331796489654,
    "seed": 1234,
    "sr": 0.3554664959628415
  }
}