{
  "returned_dict": {
    "loss": 0.10768106931984281,
    "r2": 0.7309774271164671,
    "status": "ok",
    "start_time": 1754331376.585564,
    "duration": 0.8816843032836914
  },
  "current_params": {
    "N": 500,
    "input_scaling": 1.0,
    "lr": 0.93581233269006,
    "ridge": 1.0701330668808586e-06,
    "seed": 1234,
    "sr": 5.9742435894426436
  }
}