{
  "returned_dict": {
    "loss": 0.10912969102117087,
    "r2": 0.6800778433088157,
    "status": "ok",
    "start_time": 1754331404.19242,
    "duration": 0.893671989440918
  },
  "current_params": {
    "N": 500,
    "input_scaling": 1.0,
    "lr": 0.005273335540171085,
    "ridge": 8.02088262707037e-08,
    "seed": 1234,
    "sr": 0.399368411115016
  }
}