{
  "returned_dict": {
    "loss": 0.10997782287197651,
    "r2": 0.7175622780363501,
    "status": "ok",
    "start_time": 1754331302.734987,
    "duration": 0.8958299160003662
  },
  "current_params": {
    "N": 500,
    "input_scaling": 1.0,
    "lr": 0.23962511288825838,
    "ridge": 0.38561751346898093,
    "seed": 1234,
    "sr": 3.4169239349145406
  }
}