{
  "returned_dict": {
    "loss": 0.11424872420696781,
    "r2": 0.6973680468029968,
    "status": "ok",
    "start_time": 1754331296.4048011,
    "duration": 0.9474778175354004
  },
  "current_params": {
    "N": 500,
    "input_scaling": 1.0,
    "lr": 0.0029999570595545273,
    "ridge": 4.176670303842695e-07,
    "seed": 1234,
    "sr": 0.38114750465916947
  }
}