{
  "returned_dict": {
    "loss": 0.12462505048225307,
    "r2": 0.6399805292968777,
    "status": "ok",
    "start_time": 1754331308.0580008,
    "duration": 0.8868122100830078
  },
  "current_params": {
    "N": 500,
    "input_scaling": 1.0,
    "lr": 0.6954288762234998,
    "ridge": 5.3303204076496415,
    "seed": 1234,
    "sr": 6.834465647289928
  }
}