{
  "returned_dict": {
    "loss": 0.12743817408524097,
    "r2": 0.6028595069805849,
    "status": "ok",
    "start_time": 1754331397.0731258,
    "duration": 0.8812730312347412
  },
  "current_params": {
    "N": 500,
    "input_scaling": 1.0,
    "lr": 0.03448518184164638,
    "ridge": 1.1072605389006099e-08,
    "seed": 1234,
    "sr": 0.7476653587619371
  }
}