{
  "returned_dict": {
    "loss": 0.13375432690848038,
    "r2": 0.5847132811555558,
    "status": "ok",
    "start_time": 1754331386.38303,
    "duration": 0.8924481868743896
  },
  "current_params": {
    "N": 500,
    "input_scaling": 1.0,
    "lr": 0.9385365458738635,
    "ridge": 6.483410741275078e-08,
    "seed": 1234,
    "sr": 7.567304757039052
  }
}