{
  "returned_dict": {
    "loss": 0.13383167882346322,
    "r2": 0.5843210190932869,
    "status": "ok",
    "start_time": 1754331259.981309,
    "duration": 0.8840560913085938
  },
  "current_params": {
    "N": 500,
    "input_scaling": 1.0,
    "lr": 0.2824777807824228,
    "ridge": 0.2122028473663769,
    "seed": 1234,
    "sr": 4.434072756135232
  }
}