{
  "returned_dict": {
    "loss": 0.14392751517161764,
    "r2": 0.5196079130223193,
    "status": "ok",
    "start_time": 1754331365.918632,
    "duration": 0.9153468608856201
  },
  "current_params": {
    "N": 500,
    "input_scaling": 1.0,
    "lr": 0.36345335286724,
    "ridge": 1.7604009373218533e-05,
    "seed": 1234,
    "sr": 3.928074544493675
  }
}