{
  "returned_dict": {
    "loss": 0.14883470519735245,
    "r2": 0.48655007789191523,
    "status": "ok",
    "start_time": 1754331272.468145,
    "duration": 0.8882579803466797
  },
  "current_params": {
    "N": 500,
    "input_scaling": 1.0,
    "lr": 0.5093800439838344,
    "ridge": 1.0070466332472285e-06,
    "seed": 1234,
    "sr": 5.580343023547165
  }
}