{
  "returned_dict": {
    "loss": 0.1442231553604265,
    "r2": 0.5188279058537224,
    "status": "ok",
    "start_time": 1754331284.000461,
    "duration": 0.8823738098144531
  },
  "current_params": {
    "N": 500,
    "input_scaling": 1.0,
    "lr": 0.002569219109514612,
    "ridge": 6.525617536552703,
    "seed": 1234,
    "sr": 0.05675258102871897
  }
}