{
  "returned_dict": {
    "loss": 0.15112423106486525,
    "r2": 0.47166343157428836,
    "status": "ok",
    "start_time": 1754331258.200277,
    "duration": 0.901893138885498
  },
  "current_params": {
    "N": 500,
    "input_scaling": 1.0,
    "lr": 0.0011253563603354569,
    "ridge": 1.4177012448628423,
    "seed": 1234,
    "sr": 0.04981749804245153
  }
}