{
  "returned_dict": {
    "loss": 0.16259099927664283,
    "r2": 0.351237085319883,
    "status": "ok",
    "start_time": 1754331280.4634082,
    "duration": 0.8872697353363037
  },
  "current_params": {
    "N": 500,
    "input_scaling": 1.0,
    "lr": 0.0041878954202570285,
    "ridge": 6.422278673924403e-06,
    "seed": 1234,
    "sr": 0.7656474307799984
  }
}