{
  "returned_dict": {
    "loss": 0.16343371448672245,
    "r2": 0.27294190730999945,
    "status": "ok",
    "start_time": 1754331276.912813,
    "duration": 0.8893158435821533
  },
  "current_params": {
    "N": 500,
    "input_scaling": 1.0,
    "lr": 0.0017068361591199817,
    "ridge": 9.924708579882199e-05,
    "seed": 1234,
    "sr": 0.7839491567314942
  }
}