{
  "returned_dict": {
    "loss": 0.17637649903808872,
    "r2": 0.2749702954352273,
    "status": "ok",
    "start_time": 1754331395.281912,
    "duration": 0.8960568904876709
  },
  "current_params": {
    "N": 500,
    "input_scaling": 1.0,
    "lr": 0.3079726626930137,
    "ridge": 5.968526467833591e-06,
    "seed": 1234,
    "sr": 5.615522331680127
  }
}