{
  "returned_dict": {
    "loss": 0.18498235110320269,
    "r2": 0.16719787493753394,
    "status": "ok",
    "start_time": 1754331381.903671,
    "duration": 0.884861946105957
  },
  "current_params": {
    "N": 500,
    "input_scaling": 1.0,
    "lr": 0.0026215829905024274,
    "ridge": 1.4873987838930259e-08,
    "seed": 1234,
    "sr": 0.30993658351244163
  }
}