{
  "returned_dict": {
    "loss": 0.19103963252519432,
    "r2": 0.15509590278819238,
    "status": "ok",
    "start_time": 1754331387.2767491,
    "duration": 0.9018747806549072
  },
  "current_params": {
    "N": 500,
    "input_scaling": 1.0,
    "lr": 0.22834501963548867,
    "ridge": 0.0004387074799195013,
    "seed": 1234,
    "sr": 3.3535990156004374
  }
}