{
  "returned_dict": {
    "loss": 0.1918292028608916,
    "r2": 0.14775429512197974,
    "status": "ok",
    "start_time": 1754331251.07274,
    "duration": 0.8751828670501709
  },
  "current_params": {
    "N": 500,
    "input_scaling": 1.0,
    "lr": 0.0017588986916506517,
    "ridge": 9.394742674263517,
    "seed": 1234,
    "sr": 1.2509379966926149
  }
}