{
  "returned_dict": {
    "loss": 0.21732301134482196,
    "r2": -0.10573196505962816,
    "status": "ok",
    "start_time": 1754331270.700541,
    "duration": 0.8853030204772949
  },
  "current_params": {
    "N": 500,
    "input_scaling": 1.0,
    "lr": 0.1386462414118372,
    "ridge": 0.011414685793490921,
    "seed": 1234,
    "sr": 4.997336540870969
  }
}