{
  "returned_dict": {
    "loss": 0.2126942009816965,
    "r2": -0.05087031059629001,
    "status": "ok",
    "start_time": 1754331390.846646,
    "duration": 0.8872919082641602
  },
  "current_params": {
    "N": 500,
    "input_scaling": 1.0,
    "lr": 0.17759507504958919,
    "ridge": 0.07424848634605767,
    "seed": 1234,
    "sr": 6.954268155528045
  }
}