{
  "returned_dict": {
    "loss": 0.2268513017740807,
    "r2": -0.6307495939923713,
    "status": "ok",
    "start_time": 1754331328.537502,
    "duration": 0.8831629753112793
  },
  "current_params": {
    "N": 500,
    "input_scaling": 1.0,
    "lr": 0.012836594720886337,
    "ridge": 1.621159610811328e-08,
    "seed": 1234,
    "sr": 0.7794764412014387
  }
}