{
  "returned_dict": {
    "loss": 0.23160937504193502,
    "r2": -0.6346926118061303,
    "status": "ok",
    "start_time": 1754331334.7183192,
    "duration": 0.8855009078979492
  },
  "current_params": {
    "N": 500,
    "input_scaling": 1.0,
    "lr": 0.0010387024872592213,
    "ridge": 2.456055249775962e-05,
    "seed": 1234,
    "sr": 1.0616387878921083
  }
}