{
  "returned_dict": {
    "loss": 0.26389711290365464,
    "r2": -1.0106398436399977,
    "status": "ok",
    "start_time": 1754331421.1803231,
    "duration": 0.8812439441680908
  },
  "current_params": {
    "N": 500,
    "input_scaling": 1.0,
    "lr": 0.014953523366352304,
    "ridge": 2.9973030785899226,
    "seed": 1234,
    "sr": 1.9088657622498109
  }
}