{
  "returned_dict": {
    "loss": 0.296233460450922,
    "r2": -1.3996605091370469,
    "status": "ok",
    "start_time": 1754331393.502042,
    "duration": 0.8904988765716553
  },
  "current_params": {
    "N": 500,
    "input_scaling": 1.0,
    "lr": 0.056175796579322756,
    "ridge": 6.208101962417309e-05,
    "seed": 1234,
    "sr": 1.6346058937885937
  }
}