{
  "returned_dict": {
    "loss": 0.3100518546107756,
    "r2": -1.4989684901503548,
    "status": "ok",
    "start_time": 1754331252.831193,
    "duration": 0.888883113861084
  },
  "current_params": {
    "N": 500,
    "input_scaling": 1.0,
    "lr": 0.0014528929731718976,
    "ridge": 0.08758452084004614,
    "seed": 1234,
    "sr": 1.4787515437601555
  }
}