{
  "returned_dict": {
    "loss": 0.3243108250986454,
    "r2": -1.532732806638824,
    "status": "ok",
    "start_time": 1754331349.82074,
    "duration": 0.8848240375518799
  },
  "current_params": {
    "N": 500,
    "input_scaling": 1.0,
    "lr": 0.15428159953435763,
    "ridge": 3.0269781187193436e-06,
    "seed": 1234,
    "sr": 1.7459748086870095
  }
}