{
  "returned_dict": {
    "loss": 0.3320694633628492,
    "r2": -1.6238135286924513,
    "status": "ok",
    "start_time": 1754331306.289948,
    "duration": 0.8923540115356445
  },
  "current_params": {
    "N": 500,
    "input_scaling": 1.0,
    "lr": 0.20792063760808677,
    "ridge": 3.148757026966212e-08,
    "seed": 1234,
    "sr": 3.3229413943755635
  }
}