{
  "returned_dict": {
    "loss": 0.3498312259621581,
    "r2": -2.0408829440184224,
    "status": "ok",
    "start_time": 1754331259.1030002,
    "duration": 0.8774337768554688
  },
  "current_params": {
    "N": 500,
    "input_scaling": 1.0,
    "lr": 0.004100650502354604,
    "ridge": 7.7559483386917725,
    "seed": 1234,
    "sr": 4.224184001973294
  }
}