{
  "returned_dict": {
    "loss": 0.358269456138829,
    "r2": -2.0358216752700065,
    "status": "ok",
    "start_time": 1754331368.60489,
    "duration": 0.8935108184814453
  },
  "current_params": {
    "N": 500,
    "input_scaling": 1.0,
    "lr": 0.0013530394390112253,
    "ridge": 0.007656876138846626,
    "seed": 1234,
    "sr": 1.2072384196976096
  }
}