{
  "returned_dict": {
    "loss": 0.4425688602775163,
    "r2": -4.075129494018737,
    "status": "ok",
    "start_time": 1754331307.1831648,
    "duration": 0.8738901615142822
  },
  "current_params": {
    "N": 500,
    "input_scaling": 1.0,
    "lr": 0.01146759760328504,
    "ridge": 3.6846970640045957,
    "seed": 1234,
    "sr": 2.361067081535588
  }
}