{
  "returned_dict": {
    "loss": 0.4702326268078248,
    "r2": -4.345058353507545,
    "status": "ok",
    "start_time": 1754331274.2496629,
    "duration": 0.8843672275543213
  },
  "current_params": {
    "N": 500,
    "input_scaling": 1.0,
    "lr": 0.005473899359991359,
    "ridge": 9.66435146887032,
    "seed": 1234,
    "sr": 4.574545330611019
  }
}