{
  "returned_dict": {
    "loss": 0.4886322729891148,
    "r2": -4.762464782013501,
    "status": "ok",
    "start_time": 1754331312.522837,
    "duration": 0.8917052745819092
  },
  "current_params": {
    "N": 500,
    "input_scaling": 1.0,
    "lr": 0.026802233205999445,
    "ridge": 0.4328121777267138,
    "seed": 1234,
    "sr": 2.842433947836844
  }
}