{
  "returned_dict": {
    "loss": 0.5781717906517446,
    "r2": -8.089209727707264,
    "status": "ok",
    "start_time": 1754331255.498059,
    "duration": 0.9120199680328369
  },
  "current_params": {
    "N": 500,
    "input_scaling": 1.0,
    "lr": 0.0020629649586181636,
    "ridge": 0.002974208867951716,
    "seed": 1234,
    "sr": 2.204263457797122
  }
}