{
  "returned_dict": {
    "loss": 0.5838982538405607,
    "r2": -6.984077158496939,
    "status": "ok",
    "start_time": 1754331263.557,
    "duration": 0.907846212387085
  },
  "current_params": {
    "N": 500,
    "input_scaling": 1.0,
    "lr": 0.050891035673396985,
    "ridge": 0.01672013458973412,
    "seed": 1234,
    "sr": 9.903672418680925
  }
}