{
  "returned_dict": {
    "loss": 0.7330064378119319,
    "r2": -16.681353031401105,
    "status": "ok",
    "start_time": 1754331347.150403,
    "duration": 0.8897628784179688
  },
  "current_params": {
    "N": 500,
    "input_scaling": 1.0,
    "lr": 0.011152501138346385,
    "ridge": 2.614710655947676e-05,
    "seed": 1234,
    "sr": 1.403726661288753
  }
}