{
  "returned_dict": {
    "loss": 0.7672268293248957,
    "r2": -14.770360880910152,
    "status": "ok",
    "start_time": 1754331266.268778,
    "duration": 0.8872480392456055
  },
  "current_params": {
    "N": 500,
    "input_scaling": 1.0,
    "lr": 0.012042080474948267,
    "ridge": 0.024280747694569654,
    "seed": 1234,
    "sr": 1.9596513319743825
  }
}