{
  "returned_dict": {
    "loss": 0.7893546515512053,
    "r2": -14.14190691751549,
    "status": "ok",
    "start_time": 1754331359.624536,
    "duration": 0.8769769668579102
  },
  "current_params": {
    "N": 500,
    "input_scaling": 1.0,
    "lr": 0.023565820546423054,
    "ridge": 0.4745244432611847,
    "seed": 1234,
    "sr": 5.987530745926844
  }
}