{
  "returned_dict": {
    "loss": 0.8850415341730296,
    "r2": -17.47994925677029,
    "status": "ok",
    "start_time": 1754331286.649528,
    "duration": 0.8895130157470703
  },
  "current_params": {
    "N": 500,
    "input_scaling": 1.0,
    "lr": 0.01935540965604909,
    "ridge": 0.20539100123311282,
    "seed": 1234,
    "sr": 4.425195681471678
  }
}