{
  "returned_dict": {
    "loss": 0.9436572439314637,
    "r2": -20.60708811470665,
    "status": "ok",
    "start_time": 1754331361.416474,
    "duration": 0.8864259719848633
  },
  "current_params": {
    "N": 500,
    "input_scaling": 1.0,
    "lr": 0.010754552393914138,
    "ridge": 3.1606523121969756,
    "seed": 1234,
    "sr": 7.505573307332535
  }
}