{
  "returned_dict": {
    "loss": 1.0726604604911572,
    "r2": -30.788113675364173,
    "status": "ok",
    "start_time": 1754331411.34335,
    "duration": 0.8877849578857422
  },
  "current_params": {
    "N": 500,
    "input_scaling": 1.0,
    "lr": 0.0020459627481612115,
    "ridge": 3.7459815352023917e-07,
    "seed": 1234,
    "sr": 1.1820828878248948
  }
}