{
  "returned_dict": {
    "loss": 1.1506762788706513,
    "r2": -32.040758501254246,
    "status": "ok",
    "start_time": 1754331362.3041332,
    "duration": 0.883232593536377
  },
  "current_params": {
    "N": 500,
    "input_scaling": 1.0,
    "lr": 0.02580145195828277,
    "ridge": 0.01854154647136275,
    "seed": 1234,
    "sr": 3.116205128636743
  }
}