{
  "returned_dict": {
    "loss": 1.1574032957092732,
    "r2": -33.55705392577581,
    "status": "ok",
    "start_time": 1754331313.415464,
    "duration": 0.9050910472869873
  },
  "current_params": {
    "N": 500,
    "input_scaling": 1.0,
    "lr": 0.02207977188453779,
    "ridge": 0.36410625950394276,
    "seed": 1234,
    "sr": 6.83359616790843
  }
}