{
  "returned_dict": {
    "loss": 1.2276439072356489,
    "r2": -34.51795526666383,
    "status": "ok",
    "start_time": 1754331294.626025,
    "duration": 0.8884000778198242
  },
  "current_params": {
    "N": 500,
    "input_scaling": 1.0,
    "lr": 0.023226759313516834,
    "ridge": 6.120015943922367e-05,
    "seed": 1234,
    "sr": 1.7986325141052375
  }
}