{
  "returned_dict": {
    "loss": 1.318550288747858,
    "r2": -41.1476367413898,
    "status": "ok",
    "start_time": 1754331345.380927,
    "duration": 0.8809959888458252
  },
  "current_params": {
    "N": 500,
    "input_scaling": 1.0,
    "lr": 0.005250222770550053,
    "ridge": 0.024961279992214418,
    "seed": 1234,
    "sr": 2.6286963019006717
  }
}