{
  "returned_dict": {
    "loss": 1.5596849175323584,
    "r2": -72.67710083577505,
    "status": "ok",
    "start_time": 1754331331.180463,
    "duration": 0.8846039772033691
  },
  "current_params": {
    "N": 500,
    "input_scaling": 1.0,
    "lr": 0.0022976484367460367,
    "ridge": 1.0954029853427214e-07,
    "seed": 1234,
    "sr": 1.1658340735577974
  }
}