{
  "returned_dict": {
    "loss": 10.375255881736612,
    "r2": -2659.18209857114,
    "status": "ok",
    "start_time": 1754331388.179638,
    "duration": 0.8868100643157959
  },
  "current_params": {
    "N": 500,
    "input_scaling": 1.0,
    "lr": 0.012445144152847186,
    "ridge": 1.1225473530326258e-05,
    "seed": 1234,
    "sr": 9.272462266637495
  }
}