{
  "returned_dict": {
    "loss": 10.556917654105144,
    "r2": -2726.373484811339,
    "status": "ok",
    "start_time": 1754331355.1961222,
    "duration": 0.8860838413238525
  },
  "current_params": {
    "N": 500,
    "input_scaling": 1.0,
    "lr": 0.019364061327381353,
    "ridge": 7.355900572383068e-07,
    "seed": 1234,
    "sr": 6.730328880060327
  }
}