{
  "returned_dict": {
    "loss": 12.483762293405505,
    "r2": -4393.142694263392,
    "status": "ok",
    "start_time": 1754331335.605373,
    "duration": 0.8769049644470215
  },
  "current_params": {
    "N": 500,
    "input_scaling": 1.0,
    "lr": 0.0019431745080725833,
    "ridge": 3.8519055863968834e-05,
    "seed": 1234,
    "sr": 8.323301293667457
  }
}