{
  "returned_dict": {
    "loss": 13.548572670577721,
    "r2": -5192.551876813607,
    "status": "ok",
    "start_time": 1754331343.60256,
    "duration": 0.8955698013305664
  },
  "current_params": {
    "N": 500,
    "input_scaling": 1.0,
    "lr": 0.001055234755253992,
    "ridge": 7.212853567407662e-07,
    "seed": 1234,
    "sr": 6.700381333753656
  }
}