{
  "returned_dict": {
    "loss": 18.066620358884943,
    "r2": -9070.04414230733,
    "status": "ok",
    "start_time": 1754331348.0411048,
    "duration": 0.8879833221435547
  },
  "current_params": {
    "N": 500,
    "input_scaling": 1.0,
    "lr": 0.00921134174257873,
    "ridge": 2.559869223316941e-06,
    "seed": 1234,
    "sr": 2.9579435824398606
  }
}