{
  "returned_dict": {
    "loss": 18.144106701088674,
    "r2": -11583.035679507293,
    "status": "ok",
    "start_time": 1754331281.351758,
    "duration": 0.8804171085357666
  },
  "current_params": {
    "N": 500,
    "input_scaling": 1.0,
    "lr": 0.006866394122619609,
    "ridge": 1.6151578489848767e-07,
    "seed": 1234,
    "sr": 2.2553242781758827
  }
}