{
  "returned_dict": {
    "loss": 2.1685001334143306,
    "r2": -110.98872920202882,
    "status": "ok",
    "start_time": 1754331276.023687,
    "duration": 0.8882842063903809
  },
  "current_params": {
    "N": 500,
    "input_scaling": 1.0,
    "lr": 0.04203563441395582,
    "ridge": 5.362511013101405e-05,
    "seed": 1234,
    "sr": 3.6652347285793736
  }
}