{
  "returned_dict": {
    "loss": 2.3471571959636583,
    "r2": -128.70647377055667,
    "status": "ok",
    "start_time": 1754331317.8667898,
    "duration": 0.8999161720275879
  },
  "current_params": {
    "N": 500,
    "input_scaling": 1.0,
    "lr": 0.16859893208998253,
    "ridge": 1.0295536490689918e-07,
    "seed": 1234,
    "sr": 2.329799311022338
  }
}