{
  "returned_dict": {
    "loss": 2.380986075627093,
    "r2": -132.92523665671675,
    "status": "ok",
    "start_time": 1754331338.261869,
    "duration": 0.9040000438690186
  },
  "current_params": {
    "N": 500,
    "input_scaling": 1.0,
    "lr": 0.005647264982798819,
    "ridge": 0.00037722455512065523,
    "seed": 1234,
    "sr": 2.1198068680338698
  }
}