{
  "returned_dict": {
    "loss": 2.544367414613258,
    "r2": -161.7518158306658,
    "status": "ok",
    "start_time": 1754331310.731732,
    "duration": 0.9003341197967529
  },
  "current_params": {
    "N": 500,
    "input_scaling": 1.0,
    "lr": 0.015679192953865242,
    "ridge": 0.006127985339159655,
    "seed": 1234,
    "sr": 7.788673844303673
  }
}