{
  "returned_dict": {
    "loss": 2.6084802733116996,
    "r2": -166.65219752576314,
    "status": "ok",
    "start_time": 1754331273.357298,
    "duration": 0.891505241394043
  },
  "current_params": {
    "N": 500,
    "input_scaling": 1.0,
    "lr": 0.06703300913405119,
    "ridge": 1.231979400036427e-06,
    "seed": 1234,
    "sr": 2.7738161816033102
  }
}