{
  "returned_dict": {
    "loss": 2.644537027608077,
    "r2": -201.46659705676876,
    "status": "ok",
    "start_time": 1754331297.353154,
    "duration": 0.8913700580596924
  },
  "current_params": {
    "N": 500,
    "input_scaling": 1.0,
    "lr": 0.004666278320192311,
    "ridge": 0.22595340236220718,
    "seed": 1234,
    "sr": 9.019468988959575
  }
}