{
  "returned_dict": {
    "loss": 20.655646394106395,
    "r2": -10355.853013708887,
    "status": "ok",
    "start_time": 1754331323.207079,
    "duration": 0.8891580104827881
  },
  "current_params": {
    "N": 500,
    "input_scaling": 1.0,
    "lr": 0.024081733532461607,
    "ridge": 2.9750116316575886e-08,
    "seed": 1234,
    "sr": 2.5402477361159956
  }
}