{
  "returned_dict": {
    "loss": 3.0004154410195794,
    "r2": -210.69771534730938,
    "status": "ok",
    "start_time": 1754331353.3921359,
    "duration": 0.8908889293670654
  },
  "current_params": {
    "N": 500,
    "input_scaling": 1.0,
    "lr": 0.06289522081324316,
    "ridge": 6.612494852668891e-07,
    "seed": 1234,
    "sr": 7.227207099998132
  }
}