{
  "returned_dict": {
    "loss": 3.2133174823314774,
    "r2": -240.20456861347907,
    "status": "ok",
    "start_time": 1754331408.6756659,
    "duration": 0.8882761001586914
  },
  "current_params": {
    "N": 500,
    "input_scaling": 1.0,
    "lr": 0.04708253287367831,
    "ridge": 3.3790214295220305e-06,
    "seed": 1234,
    "sr": 7.231920572306453
  }
}