{
  "returned_dict": {
    "loss": 3.2635097628688996,
    "r2": -295.38399560250093,
    "status": "ok",
    "start_time": 1754331375.693325,
    "duration": 0.8912210464477539
  },
  "current_params": {
    "N": 500,
    "input_scaling": 1.0,
    "lr": 0.010013001344096625,
    "ridge": 0.0008255617191487945,
    "seed": 1234,
    "sr": 3.1803793940136518
  }
}