{
  "returned_dict": {
    "loss": 3.605407251747433,
    "r2": -356.51155341536776,
    "status": "ok",
    "start_time": 1754331350.706501,
    "duration": 0.9110181331634521
  },
  "current_params": {
    "N": 500,
    "input_scaling": 1.0,
    "lr": 0.03709140133925175,
    "ridge": 3.455806038333613e-08,
    "seed": 1234,
    "sr": 1.6652785092912932
  }
}