{
  "returned_dict": {
    "loss": 3.917462806292511,
    "r2": -370.2633651739828,
    "status": "ok",
    "start_time": 1754331316.979361,
    "duration": 0.8865699768066406
  },
  "current_params": {
    "N": 500,
    "input_scaling": 1.0,
    "lr": 0.026162881037661297,
    "ridge": 1.573814423784059e-05,
    "seed": 1234,
    "sr": 2.382073180020931
  }
}