{
  "returned_dict": {
    "loss": 4.750630299118436,
    "r2": -577.2840970852546,
    "status": "ok",
    "start_time": 1754331369.4996989,
    "duration": 0.8883230686187744
  },
  "current_params": {
    "N": 500,
    "input_scaling": 1.0,
    "lr": 0.013663130602244231,
    "ridge": 3.234149215449787e-05,
    "seed": 1234,
    "sr": 2.64114641301772
  }
}