{
  "returned_dict": {
    "loss": 5.21831884112892,
    "r2": -686.8064030699561,
    "status": "ok",
    "start_time": 1754331356.08319,
    "duration": 0.8836228847503662
  },
  "current_params": {
    "N": 500,
    "input_scaling": 1.0,
    "lr": 0.005362066549925435,
    "ridge": 1.6949288010655951e-06,
    "seed": 1234,
    "sr": 1.7053539993996634
  }
}