{
  "returned_dict": {
    "loss": 5.341488234536525,
    "r2": -785.2031497477318,
    "status": "ok",
    "start_time": 1754331250.203726,
    "duration": 0.8682150840759277
  },
  "current_params": {
    "N": 500,
    "input_scaling": 1.0,
    "lr": 0.021175330384294096,
    "ridge": 2.813306033170741e-07,
    "seed": 1234,
    "sr": 1.837308485460495
  }
}