{
  "returned_dict": {
    "loss": 6.4716099993284955,
    "r2": -1045.6402185446275,
    "status": "ok",
    "start_time": 1754331311.633013,
    "duration": 0.8888840675354004
  },
  "current_params": {
    "N": 500,
    "input_scaling": 1.0,
    "lr": 0.003493503890213215,
    "ridge": 9.192339199444349e-05,
    "seed": 1234,
    "sr": 5.126759566939397
  }
}