{
  "returned_dict": {
    "loss": 6.706496223794943,
    "r2": -1076.1241392256413,
    "status": "ok",
    "start_time": 1754331301.842678,
    "duration": 0.8914299011230469
  },
  "current_params": {
    "N": 500,
    "input_scaling": 1.0,
    "lr": 0.012600442759985371,
    "ridge": 0.00012099365820543194,
    "seed": 1234,
    "sr": 7.954497739510182
  }
}