{
  "returned_dict": {
    "loss": 70.00238528025518,
    "r2": -126141.77909002018,
    "status": "ok",
    "start_time": 1754331396.178994,
    "duration": 0.8930742740631104
  },
  "current_params": {
    "N": 500,
    "input_scaling": 1.0,
    "lr": 0.004542545207344772,
    "ridge": 2.0714817483644787e-08,
    "seed": 1234,
    "sr": 9.335710032985542
  }
}