{
  "returned_dict": {
    "loss": 8.322383055701245,
    "r2": -1617.3797201956397,
    "status": "ok",
    "start_time": 1754331305.400764,
    "duration": 0.8882541656494141
  },
  "current_params": {
    "N": 500,
    "input_scaling": 1.0,
    "lr": 0.029602141041308122,
    "ridge": 7.116314096669409e-07,
    "seed": 1234,
    "sr": 3.998119826570732
  }
}