{
  "returned_dict": {
    "loss": 8.768232848990001,
    "r2": -1806.763856063928,
    "status": "ok",
    "start_time": 1754331420.294451,
    "duration": 0.8848271369934082
  },
  "current_params": {
    "N": 500,
    "input_scaling": 1.0,
    "lr": 0.001358642199806875,
    "ridge": 8.588729366737793e-07,
    "seed": 1234,
    "sr": 4.09065463051235
  }
}