{
  "returned_dict": {
    "loss": 9.026035135137178,
    "r2": -2237.9591210410795,
    "status": "ok",
    "start_time": 1754331389.067502,
    "duration": 0.8868448734283447
  },
  "current_params": {
    "N": 500,
    "input_scaling": 1.0,
    "lr": 0.0016562209632395857,
    "ridge": 2.658188159835729e-06,
    "seed": 1234,
    "sr": 6.091700405214507
  }
}